excluded_id,date_as_reported,affected_system,loss_as_reported,root_cause,source_1,source_2,source_3,pattern_as_previously_coded,functional_domain_remapped,reason_as_previously_coded,exclusion_category,exclusion_rationale
EX-001,2025-10-30,Garden Finance,$11.4 million,"A compromise of a third-party ""solver"" operator, not the core protocol. Garden's non-custodial design routes swaps through independent solver operators. An attacker got hold of a solver's SSH key, gained root access to its server, and found a private key sitting in an environment variable — then drained that solver's own balances across multiple chains. Garden's core bridge contracts and other users' funds were technically unaffected since solvers are architecturally isolated, but the loss was real and significant.",https://garden.finance/blog/garden-incident-report-october-30-2025,https://www.theblock.co/press-releases/387636/garden-finance-shares-forensic-findings-security-breach-limited-to-solver-layer,https://decrypt.co/356301/garden-finance-shares-forensic-findings-security-breach-limited-to-solver-layer,Infrastructure Hijacking (IH),FD-5 Governance & Operations,"The attacker breached a solver operator's server infrastructure directly, gaining root access through a compromised SSH key, and only then discovered a private key sitting in an environment variable on that compromised machine. Breaching the underlying server infrastructure itself, rather than phishing or socially engineering a specific individual out of their key, is the Infrastructure Hijacking pattern, and for this we have mapped it to Infrastructure Hijacking (IH). Server and cloud infrastructure hosting a bridge operator's secrets falls under the same supporting off-chain infrastructure this domain covers, so for this we have mapped it to FD-5 Governance & Operations.",Out of scope — no bridge loss,"Garden's own incident report states no protocol contracts were compromised and no user funds were at risk; the ~$11.4M were an independent solver's own assets. Mention in text as cross-chain infrastructure risk if useful, but not counted in bridge-loss statistics."
EX-002,2024-04-30,Pike Finance (2nd incident),~$1.68 Million,"After the first CCTP exploit, Pike paused its contracts and shipped an emergency upgrade that added pause() and unpause() functions to the proxy. Those new functions only needed one bit of storage each, but the upgrade assigned them in a way that collided with and overwrote the existing initialized flag, resetting it to its default false value. Four days later, the attacker noticed the contract now looked uninitialized, called its initialize function a second time to set themselves as an active/authorized address, then used that status to call upgradeToAndCall and push their own malicious implementation, draining roughly 479 ETH plus ARB and OP tokens.",https://mirror.xyz/pikefinance.eth/klLV4rRqNYxjRQp0NAfVLboLYtX98P9iYOOf06FUapg,https://www.certik.com/blog/pike-finance-incident-analysis,,Logic Exploitation (LE),FD-4 Execution,"The emergency patch deployed after the first incident added new pause and unpause functions that shifted the contract's storage layout, silently resetting the initialized flag back to its default, and the attacker exploited that collision to reinitialize the contract and grant themselves admin rights. A storage-layout bug in the contract's own upgrade logic, exploited by using the contract exactly as the flawed code allowed, is the Logic Exploitation pattern, and for this we have mapped it to Logic Exploitation (LE). The flaw let the attacker execute a privileged withdrawal through the contract's own execution path, so for this we have mapped it to FD-4 Execution.",Out of scope — non-bridge component,"Storage-layout collision in Pike's emergency proxy upgrade (re-initialisation of a lending contract). The exploited component is not a bridge or cross-chain messaging mechanism. (Pike 1st incident, which exploited CCTP message validation, is retained.)"
EX-003,2023-11-22,KyberSwap,$54.7 Million,"Precision Loss: Incorrect rounding in the SwapMath contract's estimateIncrementalLiquidity function caused tick-crossing logic to double-count liquidity at empty tick ranges the attacker deliberately set up, draining low-liquidity pools across 6 chains.",https://blog.kyberswap.com/post-mortem-kyberswap-elastic-exploit/,https://blocksecteam.medium.com/yet-another-tragedy-of-precision-loss-an-in-depth-analysis-of-the-kyberswap-incident-b0556022a570,https://www.certik.com/blog/kyberswap-elastic,Logic Exploitation (LE),FD-4 Execution,"The root cause is a precision-loss/rounding bug in the SwapMath contract's estimateIncrementalLiquidity function, which caused the tick-crossing logic to double-count liquidity at empty tick ranges the attacker had deliberately set up. The contract executed its own flawed arithmetic exactly as written, no credential was stolen and no forged proof was submitted. A structural coding flaw exploited by using the contract exactly as designed is the Logic Exploitation pattern, and for this we have mapped it to Logic Exploitation (LE). The flawed calculation lives inside the swap-execution path that directly moves pool liquidity, so for this we have mapped it to FD-4 Execution.",Out of scope — non-bridge component,Rounding/precision bug in the KyberSwap Elastic AMM swap math. Multi-chain deployment and separate bridge integrations do not make the AMM exploit a bridge incident.
EX-004,2023-11-10,Poloniex,$126 Million,"Key Compromise: Suspected Lazarus Group attack drained hot wallet private keys across Ethereum, Tron, and Bitcoin.",https://www.coindesk.com/business/2023/11/10/poloniex-hot-wallets-hacked-65m-seemingly-stolen-on-chain-data,https://www.certik.com/blog/poloniex-incident-analysis,https://cointelegraph.com/news/poloniex-hacker-identity-confirmed-10-million-bounty,Credential Seizure (CS),FD-5 Governance & Operations,"Suspected Lazarus Group actors obtained the private keys controlling Poloniex's Ethereum, Tron, and Bitcoin hot wallets and used them to authorize withdrawals the exchange's systems had no way of distinguishing from legitimate operator activity. Using a genuinely stolen signing credential to move funds, rather than exploiting a code flaw, is the Credential Seizure pattern, and for this we have mapped it to Credential Seizure (CS). Hot-wallet signing keys sit in the same persistent custodial control plane as bridge validator keys, so for this we have mapped it to FD-5 Governance & Operations.",Out of scope — centralized exchange,Centralized-exchange hot-wallet private-key compromise. No bridge or cross-chain messaging mechanism involved.
EX-005,2023-09-23,Mixin Network,$200 Million,"Cloud Provider Hack: Attackers breached the database of Mixin Network's cloud service provider, exposing custody-layer material and enabling unauthorized withdrawal of network assets.",https://techcrunch.com/2023/09/25/hackers-steal-200-million-from-crypto-company-mixin/,https://www.elliptic.co/insights/mixin-network-hacked-for-200-million/,https://www.reuters.com/technology/hong-kong-crypto-firm-hit-by-200-million-hack-2023-09-25/,Infrastructure Hijacking (IH),FD-5 Governance & Operations,"The attacker breached the database of Mixin Network's cloud infrastructure provider directly, rather than phishing a specific individual or exploiting an on-chain contract, exposing the custody-layer material needed to move network assets. Compromising the underlying cloud/database infrastructure itself is the Infrastructure Hijacking pattern, and for this we have mapped it to Infrastructure Hijacking (IH). Cloud infrastructure hosting a network's custody and signing material falls under the same supporting off-chain infrastructure this domain covers, so for this we have mapped it to FD-5 Governance & Operations.",Out of scope — custodial network infrastructure,Compromise of Mixin's cloud service provider database (custodial hot-wallet material). The exploited component cannot be tied to a bridge transfer/verification mechanism; under a bridge-only inclusion rule it is excluded.
EX-006,2023-09-04,Stake.com,$41.3 Million,"Key Exploit: Unauthorized transactions drained ETH/BSC/Polygon hot wallets; the FBI attributed the theft to North Korea's Lazarus Group. Stake's co-founder said a transaction-authorization service, not raw private keys, was the compromised component.",https://medium.com/@edcraven22/always-moving-forward-reflections-on-the-recent-stake-com-exploit-431105710a2e,https://www.fbi.gov/news/press-releases/fbi-identifies-lazarus-group-cyber-actors-as-responsible-for-theft-of-41-million-from-stakecom,https://www.halborn.com/blog/post/explained-the-stake-com-hack-september-2023,Credential Seizure (CS),FD-5 Governance & Operations,"Attackers gained unauthorized access to the signing/authorization layer behind Stake.com's ETH, BSC, and Polygon hot wallets and used it to move funds out with no interaction with any smart contract; the FBI attributed the theft to the Lazarus Group. Using compromised signing access to authorize a transaction, rather than exploiting a code flaw, is the Credential Seizure pattern, and for this we have mapped it to Credential Seizure (CS). Hot-wallet signing credentials are part of the persistent operational control plane, so for this we have mapped it to FD-5 Governance & Operations.",Out of scope — centralized platform,Theft from an online casino/betting platform's hot wallets (FBI: Lazarus). Funds moving across several chains does not make it a bridge attack.
EX-007,2023-03-15,Poolz Finance,$0.665 Million,"Integer Overflow: The CreateMassPools function's getArraySum summation overflowed uint256 in the unaudited LockedControl.sol vesting contract, letting the attacker record a deposit far larger than what was actually transferred, then withdraw the inflated balance.",https://blog.solidityscan.com/poolz-finance-hack-analysis-still-experiencing-overflow-fcf35ab8a6c5/,https://www.numencyber.com/poolz-finance-attacked-for-665k/,https://www.ironblocks.com/blog/poolz-protocol-hack-description,Logic Exploitation (LE),FD-4 Execution,"The root cause is an arithmetic overflow in the unaudited LockedControl.sol vesting contract's getArraySum function: passing values that summed past uint256's ceiling wrapped the total to a tiny number, letting the attacker record a deposit far larger than what was actually transferred. The contract executed this flawed arithmetic exactly as written, no credential was stolen and no forged proof was submitted. A structural coding flaw exploited by using the contract exactly as designed is the Logic Exploitation pattern, and for this we have mapped it to Logic Exploitation (LE). The flawed calculation lives inside the function that actually executes the token withdrawal, so for this we have mapped it to FD-4 Execution.",Out of scope — non-bridge component,Integer overflow in Poolz Finance's LockedControl token-vesting/locker contract. The exploited component is not a bridge or cross-chain messaging mechanism.
EX-008,2021-11-01,PolkaBridge,$0.6 Million,Balance Logic: Manual removal of a necessary balance check.,,,,Logic Exploitation (LE),FD-4 Execution,,Outside study period,"Incident predates the Jan 2022 – Aug 2026 study period. May be cited as a historical example, not as part of the empirical dataset."
EX-009,2021-09-19,pNetwork,$13 Million,Fake Event Emission: Attacker generated counterfeit events to access Bitcoin; bridge failed to confirm legitimacy.,https://halborn.com/explained-the-pnetwork-hack-september-2021/,,,Event Injection (EI),FD-1 Deposit,,Outside study period,"Incident predates the Jan 2022 – Aug 2026 study period. May be cited as a historical example, not as part of the empirical dataset."
EX-010,2021-08-10,Poly Network,$611 Million,Unchecked Permission: Unsafe external call allowed attacker to brute-force method variables and change public keys.,https://immunefi.com/blog/bug-fix-reviews/common-cross-chain-bridge-vulnerabilities/,,,Logic Exploitation (LE),FD-4 Execution,,Outside study period,"Incident predates the Jan 2022 – Aug 2026 study period. May be cited as a historical example, not as part of the empirical dataset."
EX-011,2021-07-10,ChainSwap,$8 Million,Invalid Signature: Exploit caused by insufficient signature verification during the bridge's minting process.,https://arxiv.org/abs/2312.12573,,,Proof Forgery (PF),FD-3 Verification,,Outside study period,"Incident predates the Jan 2022 – Aug 2026 study period. May be cited as a historical example, not as part of the empirical dataset."
EX-012,June-July 2021,THORChain,$16.35 Million,Fake Event Emission: Three consecutive attacks involving faked deposit events to mint or release assets.,https://slowmist.medium.com/slowmist-analysis-of-three-consecutive-attacks-o  [URL truncated in source workbook — needs repair if cited],,,Event Injection (EI),FD-1 Deposit,,Outside study period,"Incident predates the Jan 2022 – Aug 2026 study period. May be cited as a historical example, not as part of the empirical dataset."
