incident_id,incident_date,year,affected_system,affected_system_id,repeat_system,pattern_code,attack_pattern,domain_code,functional_domain,gross_loss_usd,loss_as_reported,loss_basis,loss_normalisation_note,evidence_level,classification_confidence,boundary_case,alternative_pattern,alternative_domain,enabling_mechanism,root_cause,classification_rationale,scope_note,source_ids
BR-001,2026-08-23,2026,warp.green ERC-20 Bridge (Chia ↔ Ethereum/Base),warp.green ERC-20 Bridge (Chia ↔ Ethereum/Base),No,EI,Event Injection (EI),FD-1,FD-1 Deposit,93000,~$93K,Bridge-held assets withdrawn,,E2,High,No,,,None recorded,"A Chia-side Chialisp puzzle bug in the ERC-20 bridge module (the separate CAT bridge, securing assets like wXCH, was unaffected). The attacker minted worthless CAT tokens on Chia and presented them to the trusted validator set as legitimately burned wUSDC. Validators signed off on the fake burn attestations, authorizing the EVM side to release real USDC — draining ~85,000 wUSDC.b and 8,000 wUSDC (~$93K) from the Ethereum/Base bridge contracts, later converted to ETH and moved through Tornado Cash. The team offered the attacker a 10% white-hat bounty for returning 90% of funds within 48 hours; the attacker declined.","The attacker fabricated a fake burn signal, a worthless minted token presented as a real burn, and the validator set accepted that fabricated signal as proof of a genuine action without independently confirming it. This is the core Event Injection behavior, a crafted signal accepted as a real bridge event, and for this we have mapped it to Event Injection (EI). A burn is the bridge's mirror image of a deposit, and the forged signal is what fooled that exact deposit-recognition point, so for this we have mapped it to FD-1 Deposit.",,SRC001;SRC002;SRC003
BR-002,2026-08-21,2026,The Sandbox Bridge (SAND / LayerZero OFT — Base & BNB Chain),The Sandbox Bridge (SAND / LayerZero OFT — Base & BNB Chain),No,PF,Proof Forgery (PF),FD-3,FD-3 Verification,697000,~$1.5M economic impact (~$697K direct vault drain),Bridge-held assets withdrawn,"Reported as Aug 21–22, 2026; start date used.; Direct vault drain only; ~$1.5M ""economic impact"" (incl. token price effects) excluded.",E1,High,No,,,None recorded,"A configuration flaw, not a LayerZero protocol bug (confirmed by Blockaid). SAND's omnichain fungible token (OFT) contract on Base and BNB Chain exposed an approveAndCall function that let the attacker submit a crafted payload causing the contract to call setDelegate on itself, making the attacker the sole verifier of incoming LayerZero bridge messages for that contract. With that control, the attacker forged bridge messages authorizing mints with no corresponding real burn/lock on Ethereum, minting 50M+ SAND initially and eventually over 339 trillion unbacked SAND across Base/BNB Chain, and redeeming 14,742,341.84 real SAND (~$697K) from the Ethereum vault before the team cut LayerZero peer trust and permanently retired the compromised contracts. Ethereum and Polygon SAND were unaffected.","The attacker seized control of the message verification role itself via setDelegate, then used that control to forge bridge messages authorizing mints with no real burn or lock behind them. Forging a message that bypasses the verification gate to release funds without a genuine deposit is the defining behavior of Proof Forgery, and for this we have mapped it to Proof Forgery (PF). The compromised component was specifically who is trusted to verify incoming LayerZero messages, so for this we have mapped it to FD-3 Verification.",,SRC004;SRC005;SRC006
BR-003,2026-08-19,2026,Allbridge (Base CCTP router),Allbridge,Yes,EI,Event Injection (EI),FD-1,FD-1 Deposit,190000,~$190K,Bridge-held assets withdrawn,,E2,Medium,Yes,Proof Forgery (PF),FD-3 Verification,Flash loan,"Allbridge's new Base router integrated Circle's CCTP, but its receiveCctpMessage handler credited the amount written inside an attested Circle message as a spendable deposit without verifying that USDC had actually been minted/delivered to the bridge. The attacker pre-staged a forged message on Polygon 24 days earlier (Circle's MessageTransmitterV2.sendMessage will attest any payload shaped like a deposit, with no burn/mint attached), then — six seconds after a real, unrelated deposit landed and topped up the router's balance — redeemed the forged message, flash-loaned the remaining shortfall (~$809K) from Aave, and withdrew ~$999K, netting ~$190K after repaying the loan.","receiveCctpMessage treated the mere existence of an attested message as proof of a deposit, without checking that the funds it described had actually been minted or delivered. Accepting a fake deposit signal as real, with no genuine funds behind it, is the Event Injection pattern, and for this we have mapped it to Event Injection (EI). The vulnerable check is exactly the one meant to confirm a genuine deposit occurred before crediting a balance, so for this we have mapped it to FD-1 Deposit.",,SRC007;SRC008;SRC009
BR-004,2026-08-09,2026,Coreum/tx XRP Ledger Bridge,Coreum/tx XRP Ledger Bridge,No,EI,Event Injection (EI),FD-1,FD-1 Deposit,200000,$200K,Bridge-held assets withdrawn,,E2,High,No,,,None recorded,"The bridge's relayer software watched the bridge account's transaction history for payments carrying a ""Coreum recipient"" memo and treated a matching memo as proof of deposit — without ever checking that the payment's destination was actually the bridge address. Since the bridge itself issues the wrapped Coreum token on the XRP Ledger, the attacker simply moved that wrapped token between two wallets they controlled, attached a fake deposit memo, and the transaction showed up in the bridge account's own history. 21 relayers attested the phantom deposit; a 17-of-28 multisig quorum then co-signed 94 real XRP withdrawals over 97 minutes, draining 99.7% of the bridge's XRP reserve. All relayers ran the same unpatched code, so ""independent"" signers reached identical (wrong) conclusions.","Relayers accepted a self-sent transfer carrying a fake deposit memo as proof of a real deposit, without checking the transaction actually went to the bridge address. A fabricated deposit signal accepted at face value is the Event Injection pattern, and for this we have mapped it to Event Injection (EI). The flaw is in how a deposit is recognized and attested in the first place, so for this we have mapped it to FD-1 Deposit.",,SRC010;SRC011;SRC012
BR-005,2026-07-23,2026,"Verus-Ethereum Bridge (2nd incident, repeat attack)",Verus-Ethereum Bridge,Yes,PF,Proof Forgery (PF),FD-3,FD-3 Verification,7540000,~$7.54M,Bridge-held assets withdrawn,,E2,High,No,,,None recorded,"The same vulnerability class as the May 18, 2026 Verus-Ethereum Bridge incident (see that record), reused against the same contract and entry path (submitImports) just two weeks after recovered funds from the May attack had been redeposited into the bridge — strongly suggesting the original fix was incomplete or the patch was never fully deployed. A different attacker, using a new wallet, drained ETH, tBTC, USDC, USDT, EURC, MKR, and scrvUSD.","submitImports confirmed a transfer hash existed but never checked that the value was actually backed by locked collateral on Verus, so the verification step accepted an unbacked claim as valid. Bypassing the verification check to release funds with no genuine backing is Proof Forgery, and for this we have mapped it to Proof Forgery (PF). The flaw lives in the bridge's cross-chain transfer verification function, so for this we have mapped it to FD-3 Verification.",,SRC013;SRC014;SRC015
BR-006,2026-07-22,2026,AFX Trade (Arbitrum custodial bridge),AFX Trade (Arbitrum custodial bridge),No,CS,Credential Seizure (CS),FD-5,FD-5 Governance & Operations,24150000,~$24.15M,Bridge-held assets withdrawn,,E2,High,No,,,None recorded,"A validator private-key compromise, similar in kind to IoTeX. The attacker obtained private keys belonging to five of AFX's bridge validators — enough to reach the quorum threshold required to approve a withdrawal. The bridge contract did have a 200-second challenge period meant to let anyone flag a suspicious pending withdrawal, but nobody filed a challenge in time, and the contract auto-finalized the fraudulent transaction.","The attacker obtained private keys for enough bridge validators to meet the withdrawal quorum, so the contract was simply following its own rules when it accepted signatures it had no way of knowing were stolen. Using a genuinely stolen signing credential to authorize a transaction, rather than exploiting any code flaw, is the Credential Seizure pattern, and for this we have mapped it to Credential Seizure (CS). Validator signing keys are part of the bridge's persistent operational control plane, so for this we have mapped it to FD-5 Governance & Operations.",,SRC016;SRC017;SRC018
BR-007,2026-07-20,2026,"Wanchain (Cardano ↔ BNB Chain bridge, NIGHT token)","Wanchain (Cardano ↔ BNB Chain bridge, NIGHT token)",No,PF,Proof Forgery (PF),FD-3,FD-3 Verification,9000000,$9–13M,Bridge-held assets withdrawn,Reported range $9–13M; conservative lower bound used.,E1,High,No,,,None recorded,"A message-encoding ambiguity in the bridge's TreasuryCheck validator. The contract signed off on withdrawals by concatenating 14 different variable-length fields into one message with no separators or length markers — meaning two different amounts could produce byte sequences that looked identical to the signature check. The attacker took a legitimate MPC-signed authorization for a tiny withdrawal (~3,110 NIGHT) and shifted the byte boundary between two number fields so the same signature also validated a withdrawal over 65,000 times larger.","The flaw was in how the TreasuryCheck validator authenticated a signed withdrawal message. An encoding ambiguity let one genuine signature validate two very different amounts, meaning the signature check approved an unauthorized value. A flaw in the message authentication mechanism that lets an unauthorized value pass as valid is Proof Forgery, and for this we have mapped it to Proof Forgery (PF). TreasuryCheck is the component responsible for confirming a withdrawal request is authentic before it executes, so for this we have mapped it to FD-3 Verification.",,SRC019;SRC020;SRC021
BR-008,2026-07-19,2026,Allbridge Core (Solana stablecoin pools),Allbridge,Yes,ESM,Economic-State Manipulation (ESM),FD-4,FD-4 Execution,1650000,~$1.65M,Bridge-held assets withdrawn,"Reported as Jul 19–20, 2026; start date used.",E2,High,No,,,Flash loan,"A flash-loan price manipulation attack on the bridge's internal liquidity accounting. The attacker flash-borrowed $1.12M in USDC, then ran a rapid sequence of same-asset stablecoin swaps specifically designed to break the pool's internal virtual-balance math, severely mispricing USDT relative to USDC. They then withdrew a hugely outsized amount of USDC for a tiny amount of USDT, repaid the flash loan, and bridged the profit to Ethereum. Notably, this was the second time Allbridge suffered nearly this exact class of flash-loan attack.","The attacker used borrowed capital within a single transaction to break the pool's internal virtual-balance math, mispricing USDT against USDC, and then extracted an outsized withdrawal before repaying the loan. The object being manipulated is the bridge's economic state, its pool balances and the internal pricing derived from them; the flash loan is only the capital source that made the manipulation affordable, not the vulnerability itself. Distorting the economic state a bridge relies on to price or authorize a release, and extracting value from that distortion, is the Economic-State Manipulation pattern, and for this we have mapped it to Economic-State Manipulation (ESM). The manipulated pricing logic lives inside the function that actually executes withdrawals against pool reserves, so for this we have mapped it to FD-4 Execution.",,SRC022;SRC023;SRC024
BR-009,2026-07-17,2026,Across Protocol (Solana relayer),Across Protocol (Solana relayer),No,EI,Event Injection (EI),FD-2,FD-2 Relay,4500000,~$4.5M paid out of ~$41.7M attempted,Bridge-held assets withdrawn,Amount actually paid out; ~$41.7M attempted but not realised excluded.,E1,High,No,,,None recorded,"A bug in off-chain relayer software, not in any on-chain contract. Across's Solana relayer trusted any inner instruction addressed through a specific program authority as a genuine ""deposit"" event, without checking a required 8-byte Anchor ""event discriminator"" that distinguishes real events from lookalikes. The attacker deployed a wrapper program that called a harmless read-only function while smuggling in 1,627 completely fabricated deposit events — no real funds ever moved on Solana — and the relayer paid out real capital against 581 of these phantom deposits before the hole was patched roughly 5 hours later.","The relayer paid out against 1,627 completely fabricated deposit events from a rogue program, having skipped the discriminator check that would have proven those events came from the real deposit program. Fabricated events accepted as genuine bridge activity is the Event Injection pattern, and for this we have mapped it to Event Injection (EI). The bug lived specifically in the off-chain relayer's own event validation code, not in how the source contract emits deposit events, so for this we have mapped it to FD-2 Relay rather than FD-1 Deposit.",Official artefact is the protocol's own fix commit (SDK repository) rather than a written post-mortem.,SRC025;SRC026;SRC027
BR-010,2026-07-15,2026,TeleSwap (Bitcoin bridge),TeleSwap (Bitcoin bridge),No,CS,Credential Seizure (CS),FD-5,FD-5 Governance & Operations,735000,~$735K,Bridge-held assets withdrawn,,E4,Low,No,,,None recorded,A SPV-based Bitcoin↔EVM bridge whose Bitcoin-side hot wallet was drained through unspecified suspicious outflows (root cause not publicly disclosed by the team even days later). Stolen BTC was swapped to ETH via Chainflip and laundered through Tornado Cash.,"The loss pattern, a Bitcoin-side hot wallet drained through unexplained outflows, matches a private key or hot wallet compromise rather than a smart-contract bug, since no on-chain logic flaw has been identified or disclosed. Funds moving out through a compromised custody credential rather than an exploited contract function is the Credential Seizure pattern, and for this we have mapped it to Credential Seizure (CS). Hot-wallet key custody is an off-chain operational control asset, so for this we have mapped it to FD-5 Governance & Operations.",Root cause not publicly disclosed; CS/FD-5 classification is inferred from on-chain outflow behaviour. Re-check if a post-mortem is published.,SRC028;SRC029;SRC030
BR-011,2026-05-18,2026,Verus-Ethereum Bridge,Verus-Ethereum Bridge,Yes,PF,Proof Forgery (PF),FD-3,FD-3 Verification,11400000,~$11.4–11.58M,Bridge-held assets withdrawn,Reported range $11.4–11.58M; conservative lower bound used.,E2,High,No,,,None recorded,"A missing validation check in the bridge's import/export verification function (checkExportAndTransfers/submitImports), which confirmed a transfer hash existed but never verified the value was actually backed by locked assets on the Verus source chain. The attacker triggered unbacked Ethereum-side payouts with nothing collateralizing them on the source side","checkExportAndTransfers and submitImports confirmed a transfer hash existed but never verified the value was backed by locked assets on the source chain, so an unbacked claim passed verification. Passing an unbacked claim through the verification gate is Proof Forgery, and for this we have mapped it to Proof Forgery (PF). The missing check sits directly inside the bridge's import and export verification function, so for this we have mapped it to FD-3 Verification.",,SRC031;SRC032;SRC033
BR-012,2026-05-15,2026,THORChain,THORChain,No,CS,Credential Seizure (CS),FD-5,FD-5 Governance & Operations,10700000,$10.7M,Bridge-held assets withdrawn,,E1,High,No,,,None recorded,"Not a smart-contract bug at all — a cryptographic attack on THORChain's threshold signature scheme (GG20/TSS), which is supposed to ensure no single validator ever holds a full vault private key. A newly-joined malicious validator registered a deliberately malformed cryptographic key (missing a soundness check THORChain's library should have enforced) and, over two days of normal signing activity, harvested leaked fragments of other validators' key shares until they could reconstruct the entire vault's private key and sign an unauthorized withdrawal directly.","However unusual the method, the end result was the same as a stolen key. The attacker reconstructed a validator vault's actual private key by harvesting leaked key-share fragments over two days, then used that genuine key to sign an unauthorized withdrawal directly. Signing with a real, if illegitimately obtained, private key is the Credential Seizure pattern, and for this we have mapped it to Credential Seizure (CS). A reconstructed signing key is still a signing credential, the persistent control-plane asset this domain covers, so for this we have mapped it to FD-5 Governance & Operations.",,SRC034;SRC035;SRC036
BR-013,2026-04-27,2026,ZetaChain,ZetaChain,No,LE,Logic Exploitation (LE),FD-4,FD-4 Execution,334000,~$334K (internal wallets only),Wallet funds drained (approvals or redirection),,E2,High,No,,,None recorded,"Three chained weaknesses in ZetaChain's GatewayEVM cross-chain messaging contract: (1) the sending side allowed anyone to trigger arbitrary cross-chain calls with no access control, (2) the receiving side would execute almost any instruction including transferFrom, and (3) some wallets had granted the gateway unlimited token approvals that were never revoked. The attacker chained all three to drain internal team wallets (no user funds affected) across four chains.","The root cause is a chain of missing access-control and input-validation checks in the GatewayEVM contract's own code. The contract did exactly what it was coded to do, it just never should have allowed an arbitrary instruction like transferFrom to be triggered this way. A structural coding flaw exploited by using the contract exactly as designed is the Logic Exploitation pattern, and for this we have mapped it to Logic Exploitation (LE). The flaw is in the destination-side function that actually executes the incoming cross-chain instruction, so for this we have mapped it to FD-4 Execution.",,SRC037;SRC038;SRC039
BR-014,2026-04-18,2026,Kelp DAO / LayerZero,Kelp DAO / LayerZero,No,PF,Proof Forgery (PF),FD-3,FD-3 Verification,292000000,~$292M drained + ~$236M recycled through lending protocols,Value of unbacked minted assets,Bridge drain only; ~$236M subsequently borrowed on lending protocols is downstream (non-bridge) impact and excluded.,E1,Medium,Yes,Infrastructure Hijacking (IH),FD-5 Governance & Operations,RPC poisoning,"The largest 2026 incident. An attacker compromised the trust assumptions behind LayerZero's off-chain Decentralized Verifier Network (DVN) — via RPC-layer poisoning — to forge a cross-chain proof and mint 116,500 fake rsETH out of nothing. They then used that fake collateral across Aave, Compound, and Euler to borrow ~$236M in real assets before anyone could react, triggering a bad-debt crisis across multiple lending protocols and chains","The attacker compromised LayerZero's off-chain DVN verification layer to forge a cryptographically valid-looking cross-chain proof and mint fake rsETH with no genuine deposit behind it. Forging a valid-looking proof to obtain an unbacked release is the textbook Proof Forgery pattern, and for this we have mapped it to Proof Forgery (PF). The DVN is the component whose entire job is to verify that a claimed cross-chain state transition really happened, so for this we have mapped it to FD-3 Verification.",Exploited component is LayerZero DVN verification of the rsETH bridge route; lending-market contagion is out of scope.,SRC040;SRC041;SRC042
BR-015,2026-04-13,2026,Hyperbridge / Polkadot (DOT),Hyperbridge / Polkadot (DOT),No,PF,Proof Forgery (PF),FD-3,FD-3 Verification,2500000,$2.5 Million,Reported figure; basis not specified,,E1,High,No,,,None recorded,Proof Verification Flaw: Attacker exploited proof verification logic to forge cross-chain messages and mint 1 billion DOT on Ethereum.,"The attacker exploited the bridge's proof verification logic directly to forge cross-chain messages that let them mint 1 billion DOT with no genuine deposit on the source side. Exploiting the verification logic itself to forge a message is Proof Forgery, and for this we have mapped it to Proof Forgery (PF). The exploited function is the one responsible for confirming that a minting message is backed by a real cross-chain transfer, so for this we have mapped it to FD-3 Verification.",,SRC043;SRC044;SRC045
BR-016,2026-03-13,2026,Messina Bridge (Opulous/OPUL),Messina Bridge (Opulous/OPUL),No,LE,Logic Exploitation (LE),FD-4,FD-4 Execution,47500000,$47.5 Million,Bridge-held assets withdrawn,,E3,Medium,No,,,None recorded,"~475 million OPUL drained. A signature-replay/multiplication flaw in the bridge's hop() function. Messina's Guardian network signs any valid on-chain event without checking business logic. The hop() function let an attacker take one legitimately-signed cross-chain approval (VAA) and repeatedly feed it back into hop() to mint a new legitimately-signed VAA for the same underlying deposit — over and over, multiplying one deposit into 143 valid claims. Each was cashed out on a different chain, draining escrow across Arbitrum, Ethereum, and BSC and collapsing the OPUL token to the point the project shut down entirely","The Guardians' signatures on each VAA were completely genuine. The bug was that hop() never marked a used VAA as spent, so the same real approval could be replayed to mint new valid claims 143 times over. A missing state-invalidation check exploited by reusing the contract's own logic as written is Logic Exploitation, and for this we have mapped it to Logic Exploitation (LE). The missing check lives in the function that executes each cross-chain hop or claim, not in the signature verification step itself, so for this we have mapped it to FD-4 Execution.",Single official source (project hack report); satisfies the official post-mortem rule.,SRC046
BR-017,2026-02-21,2026,IoTeX (ioTube),IoTeX (ioTube),No,CS,Credential Seizure (CS),FD-5,FD-5 Governance & Operations,4300000,$4.3 Million,Reported figure; basis not specified,,E3,Medium,No,,,None recorded,Key Compromise: Unauthorized access to the private key managing the Validator contract on the Ethereum side.,"The attacker gained unauthorized access to the private key controlling the Ethereum-side Validator contract and used it directly to mint and move funds. Using a stolen private key to authorize the action is the Credential Seizure pattern, and for this we have mapped it to Credential Seizure (CS). That validator key is a persistent administrative credential, not a one-off transaction bug, so for this we have mapped it to FD-5 Governance & Operations.",Single official source (project incident update); satisfies the official post-mortem rule.,SRC047
BR-018,2026-02-01,2026,CrossCurve,CrossCurve,No,PF,Proof Forgery (PF),FD-3,FD-3 Verification,3000000,$3 Million,Bridge-held assets withdrawn,,E1,High,No,,,None recorded,"Validation Flaw: Bugs in processing cross-chain messages from Axelar allowed forged messages to authorize fund releases without real deposits. A missing access-control check in a cross-chain messaging integration. CrossCurve's ReceiverAxelar contract inherited a function called expressExecute() from the Axelar SDK but never added the validation that normally confirms a message actually came through Axelar's Gateway. The only check left was ""has this command ID been used before"" — trivially bypassed by generating a fresh, unused ID. The attacker forged a cross-chain message claiming to be a legitimate unlock instruction and drained PortalV2 escrow contracts on both Ethereum and Arbitrum.","The missing access-control check meant the destination contract would accept any freshly generated message as a legitimate Axelar-relayed instruction. The attacker forged an unlock message that was never actually verified against Axelar's Gateway. Forging a message that slips past a broken verification check is Proof Forgery, and for this we have mapped it to Proof Forgery (PF). The missing check sat directly inside the function responsible for validating that an incoming cross-chain message is authentic, so for this we have mapped it to FD-3 Verification.",,SRC048;SRC049;SRC050
BR-019,2026-01-21,2026,Saga (SagaEVM),Saga (SagaEVM),No,PF,Proof Forgery (PF),FD-3,FD-3 Verification,7000000,$7 Million,Reported figure; basis not specified,,E2,High,No,,,None recorded,"Message Spoofing: Attackers crafted custom IBC (Inter-Blockchain Communication) message payloads to bypass collateral verification in the ICS20 precompile bridge, minting Saga Dollar (DUSD) stablecoins with no real cross-chain collateral behind them.","The attacker crafted a custom IBC message specifically to bypass the collateral verification check in the ICS20 precompile, letting the bridge accept a forged proof of backing that didn't exist. Crafting a message specifically to bypass a verification check is Proof Forgery, and for this we have mapped it to Proof Forgery (PF). The collateral check that was bypassed is the bridge's core verification gate for minting, so for this we have mapped it to FD-3 Verification.",Second independent source (The Block) added to satisfy the evidence rule.,SRC051;SRC052
BR-020,2025-10-27,2025,402bridge,402bridge,No,CS,Credential Seizure (CS),FD-5,FD-5 Governance & Operations,17693,"$17,693",Wallet funds drained (approvals or redirection),,E2,High,No,,,None recorded,"A leaked admin key stored insecurely on an internet-connected server. The x402 payment/bridge protocol needed an admin private key on its backend to process minting requests — and that key sat on a networked server rather than in cold/secure storage. Once leaked, an attacker transferred contract ownership to themselves and called an internal transferUserToken function to drain USDC from over 200 wallets that had granted the contract unlimited token approvals.","A leaked admin private key let the attacker transfer contract ownership to themselves and call a privileged internal function directly. No contract logic was tricked, the admin credential itself was stolen. A stolen administrative credential used to seize ownership and call privileged functions is Credential Seizure, and for this we have mapped it to Credential Seizure (CS). An admin key with ownership transfer rights is a core piece of the bridge's governance and operational control, so for this we have mapped it to FD-5 Governance & Operations.",,SRC053;SRC054;SRC055
BR-021,2025-09-24,2025,"GriffinAI (GAIN token, LayerZero bridge)","GriffinAI (GAIN token, LayerZero bridge)",No,PF,Proof Forgery (PF),FD-3,FD-3 Verification,3000000,~$3 Million,Real assets obtained with unbacked tokens,,E2,Medium,Yes,Credential Seizure (CS),FD-5 Governance & Operations,Phishing (suspected),"An admin EOA compromise combined with a LayerZero peer-trust bypass. Less than 24 hours after GAIN's Binance Alpha launch, an attacker compromised an admin wallet on BNB Chain (likely via phishing) and called setPeer, designating a malicious Ethereum contract as a trusted LayerZero peer for the real GAIN OFT contract. The attacker deployed a fake token on Ethereum and ""bridged"" 5 billion of it through the now-poisoned peer connection — LayerZero's messaging faithfully relayed the mint instruction, and the legitimate BNB Chain GAIN contract minted 5 billion real GAIN tokens against nothing. The attacker sold ~2.8% on PancakeSwap for ~$3M before the token collapsed 90%; proceeds were laundered through deBridge and Tornado Cash.","Once the admin wallet was compromised, the attacker's real move was to make a malicious contract a trusted LayerZero peer and then forge a bridge message from that fake peer, the same seize the verifier then forge the message pattern as The Sandbox. Forging a bridge message through a hijacked trust relationship to mint unbacked tokens is Proof Forgery, and for this we have mapped it to Proof Forgery (PF). Peer trust is exactly the mechanism LayerZero uses to verify that an incoming message is legitimate, so for this we have mapped it to FD-3 Verification.",,SRC056;SRC057;SRC058
BR-022,2025-09-23,2025,Seedify SFUND Bridge,Seedify SFUND Bridge,No,CS,Credential Seizure (CS),FD-5,FD-5 Governance & Operations,1200000,$1.2 million,Real assets obtained with unbacked tokens,,E2,High,No,,,None recorded,"A compromised developer key on a bridge contract that should never have allowed unbacked minting. Attackers (linked to North Korea's Lazarus Group) obtained a Seedify developer's private key and used it to alter permissions on the LayerZero-based OFT bridge contract, minting large amounts of SFUND on Avalanche with nothing actually bridged from another chain, then dumped the fake tokens across Ethereum, Arbitrum, Base, and finally BNB Chain.","A compromised developer private key was used directly to alter bridge contract permissions and authorize unbacked minting. The credential, not the code, was the point of failure. A stolen developer credential used directly to authorize minting is Credential Seizure, and for this we have mapped it to Credential Seizure (CS). Developer and admin keys with permission altering power sit squarely in the governance and operations domain, so for this we have mapped it to FD-5 Governance & Operations.",,SRC059;SRC060;SRC061
BR-023,2025-09-14,2025,Yala (Bitcoin-collateralized stablecoin bridge),Yala (Bitcoin-collateralized stablecoin bridge),No,CS,Credential Seizure (CS),FD-5,FD-5 Governance & Operations,7640000,~$7.64 Million,Bridge-held assets withdrawn,,E2,High,No,,,None recorded,"A compromised temporary deployment key, not a smart-contract bug. An attacker obtained a temporary key meant for an authorized bridge deployment and used it to stand up an entirely unauthorized cross-chain bridge of their own. Through that rogue bridge, they overissued ~30 million YU tokens on Solana with nothing backing them, then drained ~7.64 million USDC (~1,636 ETH) through the withdrawal path — depegging YU to $0.20 before the team burned the illegitimate supply and injected $5.5M to restore the peg. Core protocol contracts and Bitcoin reserves were untouched; Bangkok police arrested the suspect on October 29, 2025.","A compromised temporary deployment key gave the attacker the same standing as an authorized deployer, letting them stand up and operate their own unauthorized bridge instance. A stolen deployment credential used to gain standing equivalent to an authorized operator is Credential Seizure, and for this we have mapped it to Credential Seizure (CS). Deployment and admin credentials are part of the bridge's operational control plane, so for this we have mapped it to FD-5 Governance & Operations.",,SRC062;SRC063;SRC064
BR-024,2025-09-09,2025,Shibarium Bridge,Shibarium Bridge,No,ESM,Economic-State Manipulation (ESM),FD-4,FD-4 Execution,2400000,$2.4 Million,Bridge-held assets withdrawn,,E1,Medium,Yes,Credential Seizure (CS),FD-5 Governance & Operations,Flash loan; compromised validator,"Signature Manipulation: Combined flash-loan and manipulated validator signatures to bypass proper collateralization. A flash-loan-powered validator takeover. Shibarium's bridge needed a two-thirds validator majority (8 of 12) to approve state checkpoints. The attacker flash-borrowed 4.6 million BONE tokens, delegated them to a compromised validator, and briefly pushed their controlled stake past the two-thirds threshold — enough to sign a fraudulent checkpoint and authorize a bogus bridge withdrawal of ETH and SHIB, all within a single block, repaying the flash loan with the stolen funds.","The attacker used flash-loaned BONE to temporarily inflate delegated stake past the two-thirds validator signing threshold within one block, pushed through a fraudulent checkpoint and withdrawal, and repaid the loan from the proceeds. The object being manipulated is the bridge's economic security state, the stake distribution that decides who may sign checkpoints; the flash loan only supplied the temporary capital. Distorting the economic state that a bridge's authorization depends on, and extracting value from that distortion, is the Economic-State Manipulation pattern, and for this we have mapped it to Economic-State Manipulation (ESM). The manipulated stake threshold directly gates the function that executes the withdrawal, so for this we have mapped it to FD-4 Execution.",,SRC065;SRC066;SRC067
BR-025,2025-07-09,2025,ZKSwap Ethereum Bridge,ZKSwap Ethereum Bridge,No,PF,Proof Forgery (PF),FD-3,FD-3 Verification,5000000,$5 million,Bridge-held assets withdrawn,,E2,High,No,,,None recorded,"A broken proof-verification function. ZKSwap's emergency ""Exodus Mode"" (meant to let users self-withdraw if operators go offline) relied on a verifyExitProof() function that always returned true instead of actually checking the cryptographic proof. The attacker submitted completely fabricated withdrawal proofs, which were accepted as genuine, then exploited weak duplicate-claim logic to repeat the trick across multiple token balances before withdrawing.","verifyExitProof() was hardcoded to always return true instead of actually checking the submitted cryptographic proof, so completely fabricated withdrawal proofs passed verification. A proof-verification function that accepts fabricated proofs is the defining case of Proof Forgery, and for this we have mapped it to Proof Forgery (PF). verifyExitProof() is, by name and function, the bridge's proof verification checkpoint, so for this we have mapped it to FD-3 Verification.",,SRC068;SRC069;SRC070
BR-026,2025-07-02,2025,Router Protocol,Router Protocol,No,LE,Logic Exploitation (LE),FD-2,FD-2 Relay,1100000,$1.1 million,Bridge-held assets withdrawn,,E3,Medium,No,,,None recorded,"A logic flaw in Router Chain's custom cross-chain messaging module. The system failed to check that RequestSender == TxSender, letting the attacker spoof the sender field on an outbound request. The bridge's orchestrators unknowingly signed the forged request, and the Ethereum-side gateway contract released funds trusting that spoofed sender field.","The bug is a missing equality check between RequestSender and TxSender in Router Chain's own messaging code, a straightforward coding omission that let a spoofed field slip through untouched logic. A plain missing-check coding defect, rather than a cryptographic or event-level forgery, is the Logic Exploitation pattern, and for this we have mapped it to Logic Exploitation (LE). The flaw sits inside the cross-chain messaging and orchestration module that relays and attests requests between chains, so for this we have mapped it to FD-2 Relay rather than FD-1 Deposit or FD-4 Execution.",Single official source (project incident report); satisfies the official post-mortem rule.,SRC071
BR-027,2025-06-01,2025,Force Bridge,Force Bridge,No,IH,Infrastructure Hijacking (IH),FD-5,FD-5 Governance & Operations,3760000,$3.76 Million,Bridge-held assets withdrawn,,E1,Medium,Yes,Credential Seizure (CS),FD-5 Governance & Operations,Validator key exfiltration,"Access Control: Compromised private keys allowed unauthorized access to critical token swap and withdrawal functions. A supply chain attack, not a smart contract bug. Attackers slipped malicious code into a Docker image deployed to validator nodes during an April system upgrade, which secretly exfiltrated validator private keys over encrypted channels. Weeks later, they used those stolen keys to push through fraudulent ""unlock"" transactions on Ethereum and BNB Chain, draining ETH, USDT, USDC, DAI, and WBTC","The attacker's entry point was the CI/CD deployment pipeline itself, malicious code was slipped into a Docker image pushed to validator nodes during a routine system upgrade, and that code exfiltrated validator private keys as a side effect. Compromising the software supply chain and build pipeline to inject malicious capability, rather than directly targeting an individual's key through phishing, is the Infrastructure Hijacking pattern, and for this we have mapped it to Infrastructure Hijacking (IH). CI/CD pipelines and deployment infrastructure are explicitly part of the supporting off-chain infrastructure this domain covers, so for this we have mapped it to FD-5 Governance & Operations.",,SRC072;SRC073;SRC074
BR-028,2024-12-29,2024,FEG Token Bridge (SmartBridge),FEG Token Bridge (SmartBridge),No,EI,Event Injection (EI),FD-2,FD-2 Relay,1300000,$1.3 Million,Bridge-held assets withdrawn,,E2,High,No,,,None recorded,"FEG's SmartBridge relies on Wormhole to carry cross-chain messages, and only its relayer contract is allowed to register a withdrawal in SmartBridge. That relayer maintains a whitelist of source addresses but lets the whitelist itself be updated via an incoming bridged message, and never checks whether the message doing the updating was actually authorized to do so. The attacker crafted a malicious Wormhole message on one chain that added their own contract to the whitelist, then sent a second message invoking registerWithdraw to credit themselves a withdrawable FEG balance with no matching deposit. The same three-step exploit was repeated across Ethereum, Base, and BSC for a combined ~$1.3M, and the proceeds were swapped to ETH/BNB and sent to Tornado Cash.","The FEG Relayer contract received an incoming Wormhole message and registered a withdrawal without ever checking whether the message's source address was actually authorized to trigger that registration, so a malicious message from an unrelated address was processed as if it were a genuine bridge instruction. Accepting a message whose source was never validated as a real, authorized bridge action is the event source validation failure that defines Event Injection, and for this we have mapped it to Event Injection (EI). The missing check lived specifically inside the relayer contract's own message handling code, not in how deposits are emitted on the source chain, so for this we have mapped it to FD-2 Relay.",,SRC075;SRC076
BR-029,2024-08-06,2024,Ronin Bridge (2nd incident),Ronin,Yes,LE,Logic Exploitation (LE),FD-3,FD-3 Verification,12000000,$12 Million,Bridge-held assets withdrawn,,E2,High,No,,,None recorded,"Ronin's team upgraded its bridge manager from V2 to V4 and deployed a new MainchainGatewayV3 implementation, but never called the required initializeV3 function. That left the newly introduced _totalOperatorWeight storage variable at its zero default, which silently disabled the minimumVoteWeight check, the safeguard meant to confirm that enough validator weight had signed off before a withdrawal could execute. 48 minutes after the upgrade, an MEV bot spotted that any withdrawal request would now pass this check regardless of signer weight and withdrew 4,000 ETH and $2M USDC; a pre-existing daily withdrawal cap prevented a further ~$72M from being taken, and the funds were returned within hours.","The team's contract upgrade never called initializeV3, leaving the _totalOperatorWeight variable at its zero default, so the minimumVoteWeight check silently accepted any withdrawal regardless of how much validator weight actually signed it. The contract executed exactly as coded, it simply never enforced the safeguard it was supposed to, which is the Logic Exploitation pattern, and for this we have mapped it to Logic Exploitation (LE). The disabled minimumVoteWeight parameter is specifically the multi-signature consensus check that is meant to confirm sufficient validator weight approved a withdrawal before it is authorized, so for this we have mapped it to FD-3 Verification.",,SRC077;SRC078
BR-030,2024-07-16,2024,Li.Fi (bridge / DEX aggregator),Li.Fi (bridge / DEX aggregator),No,LE,Logic Exploitation (LE),FD-4,FD-4 Execution,11600000,~$11.6 Million,Wallet funds drained (approvals or redirection),,E1,High,No,,,None recorded,"Five days before the attack, LI.FI deployed a new GasZipFacet contract to enable gas refueling during bridging. Its depositToGasZipERC20 function passed a user-supplied _swapData argument straight into LibSwap.swap(), which executes a low-level call using whatever target address and call data it's given. Every other facet in LI.FI's Diamond contract checked that call target against a whitelist of approved DEXs and contracts before executing it, but GasZipFacet was missing that check. The attacker crafted a swapData payload that called transferFrom instead of a genuine swap, draining USDC, USDT, and DAI from any of the 153 wallets on Ethereum and Arbitrum that had granted the LI.FI contract an infinite approval.","The newly deployed GasZipFacet contract passed attacker-controlled call data straight into LibSwap.swap() without checking it against the whitelist of approved contracts and functions that every other facet enforced, letting the attacker substitute a transferFrom call for a swap. A missing whitelist check in the contract's own call-execution logic, rather than any forged message or stolen key, is the Logic Exploitation pattern, and for this we have mapped it to Logic Exploitation (LE). The unchecked call sits inside the function that actually executes the token movement against approved wallets, so for this we have mapped it to FD-4 Execution.",Included: exploited GasZipFacet is the aggregator's cross-chain gas-refuel (bridging) facet.,SRC079;SRC080
BR-031,2024-05-14,2024,ALEX Lab (XLink Bridge),ALEX Lab (XLink Bridge),No,CS,Credential Seizure (CS),FD-5,FD-5 Governance & Operations,4300000,$4.3 Million,Bridge-held assets withdrawn,,E2,High,No,,,Phishing,"CertiK traced the incident to a phishing attack that compromised the private key of ALEX's XLink bridge deployer account. Using that key, the attacker pushed several unauthorized proxy upgrades to the Bridge Endpoint contract on BNB Smart Chain and to the corresponding contract on the Stacks/Bitcoin side, redirecting the bridge's withdrawal logic to a malicious implementation they controlled. The attacker withdrew BTC, USDC, and Sugar Kingdom (SKO) tokens, and attempted a larger withdrawal on BNB Chain, but a bug in their own malicious implementation let a white-hat front-run and secure part of the funds; ALEX later recovered a large share of the total through a 10% bounty negotiation.","A phishing attack compromised the deployer's private key, and the attacker used that key directly to push several unauthorized proxy upgrades to the Bridge Endpoint contract, redirecting withdrawals to themselves with no code vulnerability involved. Using a genuinely stolen credential to authorize the action directly is the Credential Seizure pattern, and for this we have mapped it to Credential Seizure (CS). A deployer key with upgrade authority over the bridge contract is a persistent administrative credential, so for this we have mapped it to FD-5 Governance & Operations.",,SRC081;SRC082;SRC083
BR-032,2024-04-26,2024,Pike Finance (1st incident),Pike Finance (1st incident),No,PF,Proof Forgery (PF),FD-3,FD-3 Verification,299000,~$299K,Bridge-held assets withdrawn,,E1,High,No,,,None recorded,"Pike integrated Circle's CCTP (via Gelato automation) to let users mint USDC directly on a destination chain after burning it on a source chain, but responsibility for validating the receiver address and transfer amount inside each incoming CCTP message was left to Pike's own contract rather than Circle's or Gelato's infrastructure. That validation was missing, so the attacker submitted a forged CCTP message with a manipulated recipient address and amount, which Pike's USDC pool accepted as a legitimate mint instruction and paid out against, draining ~$299K across Ethereum, Arbitrum, and Optimism.","Pike's own integration was responsible for validating the receiver address and amount inside an incoming CCTP cross-chain message before honoring it, and that validation was missing, so the attacker submitted a forged message with a manipulated recipient and amount that Pike accepted as a legitimate mint instruction. Forging a cross-chain message that passes an inadequate verification check to obtain a fraudulent release is the Proof Forgery pattern, and for this we have mapped it to Proof Forgery (PF). The missing validation sat directly inside the step responsible for confirming that an incoming CCTP message is authentic before funds move, so for this we have mapped it to FD-3 Verification.",Included: exploited component is Pike's handling of incoming Circle CCTP cross-chain messages.,SRC084;SRC085
BR-033,2024-04-24,2024,XBridge,XBridge,No,LE,Logic Exploitation (LE),FD-4,FD-4 Execution,1600000,~$1.6 Million,Bridge-held assets withdrawn,,E2,High,No,,,None recorded,"XBridge lets users register a token pair via listToken, which records the caller as that token's _tokenOwner and grants them the right to deposit and withdraw the underlying baseToken as a bridge liquidity provider. The function never checked whether a pair had already been registered by someone else before letting a new caller claim ownership of the same baseToken under a different corresponding token, so the attacker waited for a real liquidity provider to list and fund a pair, then re-called listToken to overwrite themselves in as the new _tokenOwner and called withdrawTokens to drain the liquidity that the original owner had deposited, across Ethereum and BNB Chain.","The listToken function never verified that the caller matched the existing token owner, so the attacker simply re-registered themselves as the owner of a token pair that someone else had already funded, then called withdrawTokens to drain it without ever depositing anything. A missing ownership check in the contract's own registration and withdrawal logic, run exactly as written, is the Logic Exploitation pattern, and for this we have mapped it to Logic Exploitation (LE). The flaw sits in the function that actually releases funds to whoever holds the (falsely claimed) owner role, so for this we have mapped it to FD-4 Execution.",,SRC086;SRC087;SRC088
BR-034,2024-01-16,2024,Socket.tech (Bungee Bridge),Socket.tech (Bungee Bridge),No,LE,Logic Exploitation (LE),FD-4,FD-4 Execution,3300000,$3.3 Million,Wallet funds drained (approvals or redirection),,E2,High,No,,,None recorded,"Three days before the attack, Socket deployed a new route inside its SocketGateway contract. The route's performAction function had incomplete validation of its input parameters, and the attacker used that gap to invoke transfers directly against the token allowances that users had previously granted to SocketGateway, without those users signing any new transaction. 232 wallets that had left infinite approvals in place lost a combined $3.3M across USDC and several other assets before the route was disabled; Socket later recovered ~$2.3M through negotiation and covered the remaining shortfall.","A newly deployed route's performAction function had incomplete input validation, and the attacker used that gap to invoke transfers directly against any wallet that had granted the SocketGateway contract an unlimited token approval, with no forged message or stolen key involved. A missing input-validation check in the contract's own action-execution logic is the Logic Exploitation pattern, and for this we have mapped it to Logic Exploitation (LE). The vulnerable function is the one that actually executes the token transfer against a user's standing approval, so for this we have mapped it to FD-4 Execution.","Included: exploited route sits in SocketGateway, the bridge aggregator's cross-chain routing contract.",SRC089;SRC090
BR-035,2024-01-01,2024,Orbit Chain,Orbit Chain,No,CS,Credential Seizure (CS),FD-5,FD-5 Governance & Operations,81500000,$81.5 Million,Bridge-held assets withdrawn,,E1,High,No,,,None recorded,"Orbit Bridge's Ethereum vault used a 10-signer multisig requiring a threshold of approvals to release funds. The team's own investigation found no smart-contract vulnerability or validator-key theft; instead, 7 of the 10 multisig signers were compromised in what Orbit described as a sophisticated stealth attack, later linked to Lazarus Group by on-chain forensics. Across six transactions in a roughly 33-minute window, the attacker used the compromised keys to authorize withdrawals of ETH, WBTC, USDT, USDC, and DAI, draining over half the bridge's total value locked.","Seven of the bridge's ten multisig signers were compromised in what the team described as a sophisticated stealth attack, and the attacker used those genuinely valid keys to authorize withdrawals the contract had no way of distinguishing from legitimate multisig activity. Using real, if illegitimately obtained, signing keys to authorize the transaction is the Credential Seizure pattern, and for this we have mapped it to Credential Seizure (CS). Multisig signer keys are part of the bridge's persistent operational control plane, so for this we have mapped it to FD-5 Governance & Operations.",,SRC091;SRC092;SRC093
BR-036,2023-11-22,2023,HECO Bridge (Heco Chain / HTX),HECO Bridge (Heco Chain / HTX),No,CS,Credential Seizure (CS),FD-5,FD-5 Governance & Operations,86800000,$86.8 Million (HECO Bridge only),Bridge-held assets withdrawn,"HECO Bridge only; HTX exchange hot-wallet losses (separate attack surface, ~$12.5–30M) excluded. Previously reported combined figure ~$113.3M.",E2,High,No,,,None recorded,"Key Compromise: The Heco Bridge operator wallet's private key was compromised, letting the attacker directly call the bridge's operator-only withdrawToken function. (HTX's centralized-exchange hot wallets were breached in the same window through a separate credential compromise; that is a different attack surface and its losses are excluded from this record.)","The attacker compromised the private key controlling the Heco Bridge's operator wallet and used it to directly call the bridge's operator-only withdrawToken function. Using a genuinely stolen operator credential to authorize a withdrawal the bridge contract had no way of flagging as illegitimate is the Credential Seizure pattern, and for this we have mapped it to Credential Seizure (CS). The compromised operator key is part of the bridge's persistent administrative control plane rather than any single user transaction, so for this we have mapped it to FD-5 Governance & Operations.",,SRC094;SRC095;SRC096
BR-037,2023-07-06,2023,Multichain,Multichain,Yes,CS,Credential Seizure (CS),FD-5,FD-5 Governance & Operations,126000000,$126 Million,Bridge-held assets withdrawn,,E2,High,No,,,None recorded,"Centralization Risk: Critical MPC private keys were under the sole control of the CEO; following his detention by Chinese authorities, funds drained from the Fantom, Moonriver, and Dogechain bridge deployments in a pattern consistent with compromised/uncontrolled key material.","Multichain's cross-chain transfers were authorized entirely through MPC key shares held solely on infrastructure controlled by the CEO; once he was detained by Chinese authorities, the team lost access to that key material, and funds subsequently drained from the Fantom, Moonriver, and Dogechain bridge deployments in a pattern consistent with the compromised/uncontrolled keys. Using genuinely compromised signing key material to authorize transfers, rather than exploiting a governance vote or a code flaw, is the Credential Seizure pattern, and for this we have mapped it to Credential Seizure (CS) rather than Governance Manipulation, matching this incident's own classification in the source taxonomy. The MPC signing keys are part of the bridge's persistent operational control plane, so for this we have mapped it to FD-5 Governance & Operations.",,SRC097;SRC098;SRC099
BR-038,2023-04-01,2023,Allbridge,Allbridge,Yes,ESM,Economic-State Manipulation (ESM),FD-4,FD-4 Execution,570000,$0.57 Million,Bridge-held assets withdrawn,,E1,High,No,,,Flash loan,"Withdrawal Accounting Flaw: A logic error in Allbridge Core's liquidity-pool withdrawal formula let an attacker use a flash loan to push the real-stablecoin-to-internal-vUSD ratio far out of alignment on BNB Chain, then extract an outsized payout through the distorted pool.","The attacker used a flash loan within a single atomic transaction to push Allbridge Core's real-stablecoin-to-vUSD balance ratio on its BNB Chain pools far out of alignment, then extracted an outsized withdrawal before repaying the loan. The object being manipulated is the bridge's economic state, its pool balances and the internal accounting derived from them; the flash loan is only the capital source. Distorting the economic state a bridge relies on to price a release, and extracting value from that distortion, is the Economic-State Manipulation pattern, and for this we have mapped it to Economic-State Manipulation (ESM). The manipulated balance logic lives inside the function that actually executes pool withdrawals, so for this we have mapped it to FD-4 Execution.",,SRC100;SRC101;SRC102
BR-039,2022-10-07,2022,BNB Chain Token Hub (Binance Bridge),BNB Chain Token Hub (Binance Bridge),No,PF,Proof Forgery (PF),FD-3,FD-3 Verification,566000000,$566 Million,Value of unbacked minted assets,,E1,High,No,,,None recorded,"A flaw in the Cosmos IAVL Merkle range-proof verifier used by BSC Token Hub, the native bridge between BNB Beacon Chain and BNB Smart Chain. The hash function ignored an inner node's Right child whenever Left was present, so an attacker could attach arbitrary Right-side data without changing the computed root. That let them forge a valid-looking withdrawal proof for a deposit that never happened and mint 2 million BNB through the CrossChain contract's handlePackage/validateMerkleProof path. BSC validators halted the chain; most of the minted BNB was frozen before it could leave.","The attacker submitted a forged IAVL range proof that the destination-side verifier accepted as a genuine Beacon Chain withdrawal, minting 2 million BNB with no matching deposit. A flaw in proof-verification logic that lets an unauthorized value pass as valid is Proof Forgery, and for this we have mapped it to Proof Forgery (PF). validateMerkleProof is the Token Hub's cryptographic check that a claimed cross-chain package is authentic, so for this we have mapped it to FD-3 Verification.",,SRC103;SRC104;SRC105
BR-040,2022-08-17,2022,Celer cBridge,Celer cBridge,No,IH,Infrastructure Hijacking (IH),FD-5,FD-5 Governance & Operations,235000,$0.24 Million,Wallet funds drained (approvals or redirection),Reported range ~$235–240K; conservative lower bound used.,E2,High,No,,,None recorded,"Not a smart-contract or protocol bug. Attackers BGP-hijacked the Amazon-hosted cbridge-prod2.celer.network prefix for about three hours, obtained a valid TLS certificate, and served a phishing frontend that pointed users at malicious lookalike contracts. Those contracts proxied most calls to the real cBridge while draining token approvals. About 32 users lost ~$235K–$240K; locked bridge liquidity was never touched. Celer initially called it DNS hijacking, then SlowMist and Coinbase confirmed BGP route hijacking of the underlying IP prefix.","The attacker hijacked Internet routing (BGP) for Celer's frontend hostname and served a fake interface that drained user approvals, without touching the bridge contracts or any validator key. Compromising the off-chain operating environment around the bridge, DNS/routing and hosting, is the Infrastructure Hijacking pattern, and for this we have mapped it to Infrastructure Hijacking (IH). Frontend hosting, DNS, and BGP routing are supporting off-chain infrastructure in the persistent control plane, so for this we have mapped it to FD-5 Governance & Operations.",Included: bridge operator's own frontend/routing infrastructure; bridge contracts and liquidity unaffected.,SRC106;SRC107;SRC108
BR-041,2022-08-01,2022,Nomad Bridge,Nomad Bridge,No,LE,Logic Exploitation (LE),FD-3,FD-3 Verification,190000000,$190 Million,Bridge-held assets withdrawn,,E1,Medium,Yes,Proof Forgery (PF),FD-3 Verification,None recorded,"A June 21, 2022 Replica upgrade changed how process() looks up a message's Merkle root. Unproven messages default to root 0x00, and Replica had been initialized with committedRoot = 0x00, which set confirmAt[bytes32(0)] = 1. That made acceptableRoot(0x00) always return true, so any never-before-processed message skipped proof verification. Once the first exploit transaction was public, hundreds of copy-paste attackers drained the Ethereum/Moonbeam/Evmos bridge in an open free-for-all. Roughly a fifth of funds were later returned by whitehats.","No proof was forged. A contract-initialization and upgrade bug set the trusted root to 0x00, the same default used for unproven messages, so process() treated every fresh message as already verified and executed it exactly as coded. A structural initialization flaw exploited by using the contract as written is the Logic Exploitation pattern, and for this we have mapped it to Logic Exploitation (LE). The broken check is acceptableRoot inside the message-authentication path that is supposed to confirm a root before funds move, so for this we have mapped it to FD-3 Verification.",,SRC109;SRC110;SRC111
BR-042,2022-06-23,2022,Horizon (Harmony),Horizon (Harmony),No,CS,Credential Seizure (CS),FD-5,FD-5 Governance & Operations,100000000,$100 Million,Bridge-held assets withdrawn,,E1,High,No,,,Malware (trojan),"The Horizon Ethereum bridge used a 2-of-5 (effectively 2-of-4 live) validator multisig. Attackers compromised at least two encrypted validator private keys through a coordinated campaign against Harmony's internal infrastructure, including trojan-horse software and a subgraph-package leak that exposed private-cloud server addresses. Starting 11:06 UTC on June 23 they authorized withdrawals of 14 bridged assets on Ethereum and BNB Chain, about $100M. Harmony found no smart-contract bug. The FBI later attributed the theft to Lazarus Group (APT38).","The attacker obtained enough genuine validator private keys to meet the 2-of-5 signing threshold and authorized withdrawals the bridge contract had no way of distinguishing from legitimate multisig activity. Using stolen signing credentials rather than a code flaw is the Credential Seizure pattern, and for this we have mapped it to Credential Seizure (CS). Validator keys are part of the bridge's persistent operational control plane, so for this we have mapped it to FD-5 Governance & Operations.",,SRC112;SRC113;SRC114
BR-043,2022-03-23,2022,Ronin Network,Ronin,Yes,CS,Credential Seizure (CS),FD-5,FD-5 Governance & Operations,625000000,$625 Million,Bridge-held assets withdrawn,,E1,High,No,,,Social engineering,"Sky Mavis's Ronin bridge required 5 of 9 validator signatures to approve a withdrawal. The attacker obtained four Sky Mavis validator keys through a compromised gas-free RPC node / social-engineering path, plus a fifth Axie DAO key that still had an allowlist left over from an earlier scaling arrangement. With quorum, they forged two withdrawal proofs and drained 173,600 ETH and 25.5M USDC on March 23. The theft went unnoticed for six days because large outflows were not monitored. The FBI attributed it to Lazarus Group; Sky Mavis and investors later made users whole.","The attacker obtained 5 of 9 genuine validator private keys, enough to meet quorum, and used those real signatures to authorize fraudulent withdrawals. Using stolen signing credentials rather than exploiting a contract bug is the Credential Seizure pattern, and for this we have mapped it to Credential Seizure (CS). Validator keys are part of the bridge's persistent operational control plane, so for this we have mapped it to FD-5 Governance & Operations.",,SRC115;SRC116;SRC117
BR-044,2022-03-04,2022,EVODeFi,EVODeFi,No,IH,Infrastructure Hijacking (IH),FD-5,FD-5 Governance & Operations,320000,$0.32 Million,Wallet funds drained (approvals or redirection),,E2,High,No,,,None recorded,"A Vercel hosting/domain-transfer bug let an attacker move EVODeFi's domain to an account they controlled without owner confirmation, then point the bridge frontend at their own destination wallet. Users interacting with the still-familiar UI sent funds to the attacker while the old bridge contract and existing approvals stayed in place. The team cut access in about 40 minutes and began refunds; locked contract liquidity was not drained via a code exploit.","The attacker compromised the frontend hosting provider (Vercel) and seized the project's domain, then redirected users to a malicious destination wallet without exploiting the bridge contract. Hijacking off-chain hosting and domain infrastructure is the Infrastructure Hijacking pattern, and for this we have mapped it to Infrastructure Hijacking (IH). Frontend hosting and domain control sit in the supporting off-chain infrastructure of the persistent control plane, so for this we have mapped it to FD-5 Governance & Operations.",Included: bridge operator's own frontend/domain infrastructure; bridge contract unaffected.,SRC118;SRC119;SRC120
BR-045,2022-02-05,2022,Meter.io (Meter Passport),Meter.io (Meter Passport),No,EI,Event Injection (EI),FD-1,FD-1 Deposit,4200000,$4.2 Million,Bridge-held assets withdrawn,,E1,High,No,,,None recorded,"Meter Passport's ERC-20 handler, a modified ChainSafe ChainBridge deposit path, assumed wrapped-native deposits (WETH/WBNB) would be burned or locked before a Deposit event was emitted. A publicly callable deposit() path skipped that check and did not verify msg.value or that the caller actually transferred the wrapped tokens. The attacker called deposit() with an arbitrary amount, obtained genuine Deposit events with no real lock, and withdrew about $4.2M–$4.4M across Ethereum, Moonriver, BSC, and Meter. Hundred Finance on Moonriver took a secondary hit from the depeg.","The attacker used a deposit path that emitted a real Deposit event without locking or burning the corresponding wrapped-native tokens, so the relay treated a no-value action as a genuine deposit. A fabricated or unbacked deposit signal accepted as a real bridge event is the Event Injection pattern, and for this we have mapped it to Event Injection (EI). The flaw is in how the source-chain deposit function decides to emit the event that starts the bridge, so for this we have mapped it to FD-1 Deposit.",,SRC121;SRC122;SRC123
BR-046,2022-02-02,2022,Wormhole,Wormhole,No,PF,Proof Forgery (PF),FD-3,FD-3 Verification,326000000,$326 Million,Value of unbacked minted assets,,E1,High,No,,,None recorded,"A Solana toolchain upgrade deprecated load_instruction_at in favor of a checked variant that verifies the instructions sysvar account. Wormhole's core contract still used the unchecked path, so the attacker supplied a fake sysvar account, spoofed a Guardian signature set, and minted 120,000 wETH on Solana with no Ethereum deposit. They bridged 93,750 of those tokens back to Ethereum and withdrew the unwrapped ETH. Jump Crypto recapitalized the vault with 120,000 ETH within about 16 hours.","The attacker forged a Guardian-attested Wormhole message by bypassing Solana-side signature verification with a spoofed sysvar account, then minted 120,000 wETH with no real deposit. Forging a valid-looking proof to obtain an unbacked release is Proof Forgery, and for this we have mapped it to Proof Forgery (PF). The exploited code is the Guardian signature-verification step that is supposed to confirm a mint message is authentic, so for this we have mapped it to FD-3 Verification.",,SRC124;SRC125;SRC126
BR-047,2022-01-27,2022,Qubit Finance (QBridge),Qubit Finance (QBridge),No,EI,Event Injection (EI),FD-1,FD-1 Deposit,80000000,$80 Million,Real assets obtained with unbacked tokens,,E1,High,No,,,None recorded,"QBridge's Ethereum-to-BSC deposit path reused one Deposit event for both native ETH and ERC-20 deposits. After an owner remapped the ETH resourceID to the zero address, deposit() called tokenAddress.safeTransferFrom() on address(0), which is a no-op that does not revert, then emitted a Deposit event as if ETH had been locked. The BSC handler minted ~77,162 qXETH against nothing; the attacker used that unbacked collateral to borrow about $80M from Qubit's BSC lending pools. No funds were returned.","Calling deposit() with zero ETH still emitted the same Deposit event used for a real ETH lock, because safeTransferFrom on the zero address silently succeeded. A source-chain event treated as proof of a deposit when no assets moved is the Event Injection pattern, and for this we have mapped it to Event Injection (EI). The flaw is in the deposit function that emits the event the destination side trusts, so for this we have mapped it to FD-1 Deposit.",,SRC127;SRC128;SRC129
BR-048,2022-01-18,2022,Multichain / AnySwap (router approval flaw),Multichain,Yes,LE,Logic Exploitation (LE),FD-4,FD-4 Execution,3000000,$3 Million,Wallet funds drained (approvals or redirection),,E1,High,No,,,None recorded,"Dedaub disclosed two bugs in AnyswapV5ERC20 and AnyswapRouter: depositWithPermit / anySwapOutUnderlyingWithPermit called token.permit() and then transferred from the victim if that call did not revert. WETH and several other wrapped tokens have no permit function, so the call is a no-op that still succeeds, and any wallet that had previously approved the router could be drained. Multichain's January 18 public warning to revoke approvals also tipped off attackers; multiple parties stole over $3M from users of WETH, PERI, OMT, WBNB, MATIC, and AVAX. About $1M was later returned by a self-described whitehat. Distinct from the July 2023 Multichain MPC-key collapse.","The router treated a no-op permit() on tokens that do not implement EIP-2612 as a successful approval, then executed transferFrom against existing user allowances exactly as the code was written. A missing success-check in the contract's own deposit/routing logic is the Logic Exploitation pattern, and for this we have mapped it to Logic Exploitation (LE). The vulnerable functions are the ones that actually move user tokens out of wallets that had approved the router, so for this we have mapped it to FD-4 Execution.",Included: exploited AnyswapRouter is the bridge's cross-chain router.,SRC130;SRC131;SRC132
