source_id,incident_id,source_order,source_url
SRC001,BR-001,1,https://www.gate.com/news/detail/warpgreen-confirms-erc-20-bridge-vulnerability-offers-attacker-10-white-hat-23695179
SRC002,BR-001,2,https://hacked.slowmist.io/?c=Bridge
SRC003,BR-001,3,https://xch.today/2026/08/26/a-difficult-week-for-chia-defi-warp-green-tibetswap-and-circuit/
SRC004,BR-002,1,https://www.sandbox.game/en/blog/august-22-exploit-post-mortem/
SRC005,BR-002,2,https://crypto.news/sandbox-329-trillion-sand-bridge-exploit-675k-stolen/
SRC006,BR-002,3,https://cointelegraph.com/news/the-sandbox-compensation-sand-bridge-exploit
SRC007,BR-003,1,https://slowmist.medium.com/a-cross-chain-attack-spanning-one-month-analysis-of-the-allbridge-hack-32a6183bce08
SRC008,BR-003,2,https://defimon.xyz/blog/allbridge-hack-august-2026
SRC009,BR-003,3,https://broadchain.info/en/articles/tpeh93
SRC010,BR-004,1,https://en.cryptonomist.ch/2026/08/12/xrp-coreum-bridge-hack/
SRC011,BR-004,2,https://sigintzero.com/blog/coreum-bridge-200k-xrp-rippling-deposit-forgery
SRC012,BR-004,3,https://shattered.io/coreum-bridge-hack-200k-xrp-2026/
SRC013,BR-005,1,https://www.certik.com/blog/verus-incident-analysis
SRC014,BR-005,2,https://sigintzero.com/blog/verus-bridge-7-5m-state-root-parser-divergence
SRC015,BR-005,3,https://www.cryptotimes.io/2026/07/26/crypto-loses-over-47m-in-a-week-as-afx-trade-wanchain-verus-get-hacked/
SRC016,BR-006,1,https://lazarus.day/reports/a-detailed-post-mortem-on-the-afx-security-incident-P8mpR/
SRC017,BR-006,2,https://www.coindesk.com/tech/2026/07/23/arbitrum-based-afx-trade-drained-of-usd24-million-after-bridge-keys-compromised
SRC018,BR-006,3,https://en.cryptonomist.ch/2026/07/31/afx-bridge-exploit-recovery/
SRC019,BR-007,1,https://medium.com/@wanchain_org/cardano-bnb-chain-bridge-incident-post-mortem-353e465276e7
SRC020,BR-007,2,https://blocksec.com/blog/web3-security-allbridge-wanchain-exploits
SRC021,BR-007,3,https://www.cryptotimes.io/insights/wanchain-night-bridge-exploit-signature-flaw/
SRC022,BR-008,1,https://outposts.io/article/allbridge-core-resumes-operations-after-dollar165m-security-2073cf35-cbcf-40c2-9d6b-de033aaf5528
SRC023,BR-008,2,https://blocksec.com/blog/web3-security-allbridge-wanchain-exploits
SRC024,BR-008,3,https://www.coindesk.com/business/2026/07/20/cross-chain-protocol-allbridge-halts-after-usd1-65-million-flash-loan-exploit
SRC025,BR-009,1,https://github.com/across-protocol/sdk/commit/2e2f9d9d1f9efdd48866bd04e27efadedc548142
SRC026,BR-009,2,https://www.gate.com/news/detail/across-solana-relayer-lost-45m-in-forged-deposit-attack-on-july-17-22917844
SRC027,BR-009,3,https://www.panews.io/articles/019f973d-a5ad-763c-b84f-6759531a170e
SRC028,BR-010,1,https://indagolabs.eu/news/tracing-the-teleswap-exploit-deanonymizing-tornado-cash-outflows-with-our-tool-multichain-detective/
SRC029,BR-010,2,https://hacked.slowmist.io/?c=Bridge&page=1
SRC030,BR-010,3,https://www.panews.io/articles/019f7ff7-69eb-72dd-84c5-2fadae2a43e9
SRC031,BR-011,1,https://www.halborn.com/blog/post/explained-the-verus-ethereum-bridge-hack-may-2026
SRC032,BR-011,2,https://cryptopotato.com/hacker-steals-over-11m-from-verus-ethereum-bridge/
SRC033,BR-011,3,https://web.archive.org/web/20260518134150/https://www.theblock.co/post/401571/verus-ethereum-bridge-exploit
SRC034,BR-012,1,https://blog.thorchain.org/thorchain-exploit-report-1
SRC035,BR-012,2,https://www.quillaudits.com/blog/hack-analysis/thorchain-gg20-hack
SRC036,BR-012,3,https://blog.thorchain.org/thorchain-exploit-report-2
SRC037,BR-013,1,https://www.theblock.co/post/399315/zetachain-post-mortem
SRC038,BR-013,2,https://blog.solidityscan.com/zetachain-gateway-hack-analysis/
SRC039,BR-013,3,https://www.cryptotimes.io/2026/04/29/how-a-perfect-storm-of-3-bugs-led-to-zetachains-333k-gatewayevm-exploit/
SRC040,BR-014,1,https://layerzero.network/publications/kelpdao-incident-report.pdf
SRC041,BR-014,2,https://www.halborn.com/blog/post/explained-the-kelp-dao-hack-april-2026
SRC042,BR-014,3,https://www.chainalysis.com/blog/kelpdao-bridge-exploit-april-2026/
SRC043,BR-015,1,https://blog.hyperbridge.network/april-13-post-mortem/
SRC044,BR-015,2,https://coinmarketcap.com/academy/article/hyperbridge-exploit-mints-1b-dot-tokens-in-attack-certik-reports
SRC045,BR-015,3,https://anomly.rs/hyperbridge-forged-postrequest
SRC046,BR-016,1,https://opulous.org/hack-report
SRC047,BR-017,1,https://iotex.io/blog/security-incident-update-iotube-bridge-exploit-and-recovery-roadmap/
SRC048,BR-018,1,https://crosscurve.medium.com/faq-user-questions-following-the-crosscurve-bridge-exploit-84c7dcc7a64b
SRC049,BR-018,2,https://cantina.xyz/blog/crosscurve-bridge-hack-axelar-expressexecute
SRC050,BR-018,3,https://www.halborn.com/blog/post/explained-the-crosscurve-hack-february-2026
SRC051,BR-019,1,https://www.halborn.com/blog/post/explained-the-sagaevm-hack-january-2026
SRC052,BR-019,2,https://www.theblock.co/post/386638/sagaevm-suffers-exploit
SRC053,BR-020,1,https://www.cryptotimes.io/2025/10/28/402bridge-exploited-for-17k-in-private-key-leak-amid-x402-trend/
SRC054,BR-020,2,https://crypto.news/402bridge-hack-leads-to-over-200-users-drained-of-usdc/
SRC055,BR-020,3,https://www.bitget.com/news/detail/12560605057036
SRC056,BR-021,1,https://www.quillaudits.com/blog/hack-analysis/griffin-ai-exploit
SRC057,BR-021,2,https://blog.verichains.io/p/deep-dive-into-the-gain-project-incident
SRC058,BR-021,3,https://rekt.news/griffinai-rekt
SRC059,BR-022,1,https://decrypt.co/341076/north-korean-hackers-drain-1-2m-from-seedify-bridge
SRC060,BR-022,2,https://crypto.news/seedifys-sfund-implodes-99-dprk-hackers-exploit-bridge-flaw/
SRC061,BR-022,3,https://games.gg/news/seedify-suffers-breach/
SRC062,BR-023,1,https://www.halborn.com/blog/post/explained-the-yala-hack-september-2025
SRC063,BR-023,2,https://www.bitget.com/news/detail/12560604970177
SRC064,BR-023,3,https://quadrigainitiative.com/casestudy/yalaprotocoldormantoftuunauthorizedmintandbridge.php
SRC065,BR-024,1,https://news.shib.io/2025/09/22/shibarium-bridge-exploit-kaal-drops-latest-dev-report-post-hack/
SRC066,BR-024,2,https://www.theblock.co/post/370536/shibarium-bridge-suffers-sophisticated-flash-loan-attack-with-2-4-million-drained
SRC067,BR-024,3,https://cryptonews.com/news/shibarium-reboots-after-4m-hack-pledges-user-refunds-heres-the-plan/
SRC068,BR-025,1,https://www.blockaid.io/blog/how-zkswaps-5m-exploit-couldve-been-prevented-with-onchain-monitoring
SRC069,BR-025,2,https://blog.verichains.io/p/audit-the-deployment-not-just-the
SRC070,BR-025,3,https://quadrigainitiative.com/casestudy/zkswapexodusmodeflawenabledfakeproofwithdrawals.php
SRC071,BR-026,1,https://routerprotocol.medium.com/incident-report-router-protocol-asset-bridge-exploit-and-response-833f5bb95a31
SRC072,BR-027,1,https://talk.nervos.org/t/force-bridge-incident-root-cause-analysis-user-commitment/8801
SRC073,BR-027,2,https://thedefiant.io/news/hacks/nervos-networks-force-bridge-cross-chain-hack-exploits-access-control-steals-3-9-26adcaf3
SRC074,BR-027,3,https://talk.nervos.org/t/force-bridge-user-compensation-plan-announcement/8810
SRC075,BR-028,1,https://www.certik.com/blog/feg-bridge-exploit-technical-analysis
SRC076,BR-028,2,https://www.halborn.com/blog/post/explained-the-feed-every-gorilla-feg-hack-december-2024
SRC077,BR-029,1,https://blog.solidityscan.com/ronin-bridge-hack-analysis-d8f64b8fe683/
SRC078,BR-029,2,https://www.beosin.com/resources/the-root-cause-of-ronin-bridges-abnormal-activities
SRC079,BR-030,1,https://li.fi/knowledge-hub/incident-report-16th-july
SRC080,BR-030,2,https://blocksec.com/blog/illicit-fund-flow-case-study-lifi-attack-metasleuth
SRC081,BR-031,1,https://cryptoslate.com/bitcoin-defi-app-alex-lab-links-4-million-exploit-to-lazarus-group/
SRC082,BR-031,2,https://www.certik.com/blog/alex
SRC083,BR-031,3,https://www.coindesk.com/business/2024/05/15/bitcoin-defi-tool-alex-lab-loses-43m-in-hack-offers-10-bounty-for-stolen-funds
SRC084,BR-032,1,https://mirror.xyz/pikefinance.eth/klLV4rRqNYxjRQp0NAfVLboLYtX98P9iYOOf06FUapg
SRC085,BR-032,2,https://www.certik.com/blog/pike-finance-incident-analysis
SRC086,BR-033,1,https://www.cryptotimes.io/2024/04/24/saitachains-xbridge-experienced-a-security-breach/
SRC087,BR-033,2,https://blog.verichains.io/p/when-the-bridge-is-the-risk
SRC088,BR-033,3,https://olympix.security/biweekly-exploits/6m-stolen-alexlab-ngfs-xbridge-and-yiedl-compromised-by-key-theft-and-broken-access-controls
SRC089,BR-034,1,https://www.certik.com/blog/socket-tech-incident-analysis
SRC090,BR-034,2,https://thedefiant.io/news/defi/socket-resumes-operations-after-users-lost-usd3-3m-to-exploit
SRC091,BR-035,1,https://medium.com/orbit-chain/official-statement-regarding-orbit-bridge-exploit-551928f3dc52
SRC092,BR-035,2,https://quillaudits.substack.com/p/news-years-eve-with-a-big-hack-orbit
SRC093,BR-035,3,https://www.coindesk.com/business/2024/01/02/orbit-chain-loses-81m-in-cross-chain-bridge-exploit
SRC094,BR-036,1,https://archive.ph/8J9zt
SRC095,BR-036,2,https://www.certik.com/blog/heco-bridge-exploit
SRC096,BR-036,3,https://www.coindesk.com/tech/2023/11/22/justin-sun-confirms-htx-heco-chain-exploited-after-100m-in-suspicious-transfers
SRC097,BR-037,1,https://www.halborn.com/blog/post/explained-the-multichain-hack-july-2023
SRC098,BR-037,2,https://www.chainalysis.com/blog/multichain-exploit-july-2023/
SRC099,BR-037,3,https://onchainattack.org/document/examples/2023-07-multichain/
SRC100,BR-038,1,https://allbridge.medium.com/allbridge-core-updates-following-the-relaunch-9f7716eeb5da
SRC101,BR-038,2,https://medium.com/coinmonks/decoding-allbridge-570k-flash-loan-exploit-quillaudits-8da8dccd729d
SRC102,BR-038,3,https://forklog.com/en/allbridge-co-founder-reveals-real-losses-and-the-attack-vector-on-the-protocol/
SRC103,BR-039,1,https://www.bnbchain.org/en/blog/bnb-chain-ecosystem-update
SRC104,BR-039,2,https://www.halborn.com/blog/post/explained-the-bnb-chain-hack-october-2022
SRC105,BR-039,3,https://www.sharkteam.org/report/analysis/20221009001A_en.pdf
SRC106,BR-040,1,https://www.coinbase.com/blog/celer-bridge-incident-analysis
SRC107,BR-040,2,https://medium.com/coinmonks/truth-behind-the-celer-network-cbridge-cross-chain-bridge-incident-bgp-hijacking-52556227e940
SRC108,BR-040,3,https://cryptoslate.com/celer-network-cbridge-resumes-operation-after-suffering-dns-exploit/
SRC109,BR-041,1,https://medium.com/nomad-xyz-blog/nomad-bridge-hack-root-cause-analysis-875ad2e5aacd
SRC110,BR-041,2,https://www.certik.com/blog/nomad-bridge-exploit-incident-analysis
SRC111,BR-041,3,https://www.halborn.com/blog/post/the-nomad-bridge-hack-a-deeper-dive
SRC112,BR-042,1,https://medium.com/harmony-one/summary-of-the-harmony-horizon-bridge-incident-f9bd87c0c68e
SRC113,BR-042,2,https://www.fbi.gov/news/press-releases/fbi-confirms-lazarus-group-cyber-actors-responsible-for-harmonys-horizon-bridge-currency-theft
SRC114,BR-042,3,https://medium.com/harmony-one/harmonys-horizon-bridge-hack-1e8d283b6d66
SRC115,BR-043,1,https://roninblockchain.substack.com/p/back-to-building-ronin-security-breach
SRC116,BR-043,2,https://www.halborn.com/blog/post/explained-the-ronin-hack-march-2022
SRC117,BR-043,3,https://www.reuters.com/technology/blockchain-company-ronin-hit-by-615-million-crypto-heist-2022-03-29/
SRC118,BR-044,1,https://www.prnewswire.com/news-releases/a-bug-in-vercel-allowed-an-attacker-to-drain-320-000-from-evodefi-301506961.html
SRC119,BR-044,2,https://coincodecap.com/evodefi-bridge-front-end-was-hacked
SRC120,BR-044,3,https://www.banklesstimes.com/news/2023/01/31/crypto-platform-evodefi-loses-dollar320k-in-hack/
SRC121,BR-045,1,https://medium.com/meter-io/post-mortem-report-meter-passport-12af6b50393d
SRC122,BR-045,2,https://www.halborn.com/blog/post/explained-the-meter-io-hack-february-2022
SRC123,BR-045,3,https://certik.medium.com/4-3-million-lost-to-another-bridge-hack-db9b028a3c28
SRC124,BR-046,1,https://wormholecrypto.medium.com/wormhole-incident-report-02-02-22-ad9b8f21eec6
SRC125,BR-046,2,https://www.certik.com/blog/wormhole-bridge-exploit-incident-analysis
SRC126,BR-046,3,https://blog.chainalysis.com/reports/wormhole-hack-february-2022/
SRC127,BR-047,1,https://certik.medium.com/qubit-bridge-collapse-exploited-to-the-tune-of-80-million-a7ab9068e1a0
SRC128,BR-047,2,https://qbt.wiki/en/incident/what-happened/
SRC129,BR-047,3,https://www.certik.com/blog/cross-chain-vulnerabilities-and-bridge-exploits-in-2022
SRC130,BR-048,1,https://medium.com/multichainorg/multichain-contract-vulnerability-post-mortem-d37bfab237c8
SRC131,BR-048,2,https://dedaub.com/blog/phantom-functions-and-the-billion-dollar-no-op/
SRC132,BR-048,3,https://www.halborn.com/blog/post/explained-the-multichain-hack-january-2022
